year,pop_total_millions,yield_fraction_weighted
0.0,7470.0,0.976470588235294
1.0,7165.573637726205,0.9366762925132294
2.0,6924.514034422998,0.9051652332579082
3.0,6738.727089327484,0.8808793580820239
4.0,6597.270908477276,0.8623883540493171
5.0,6489.618859851567,0.8483161908302703
6.0,6406.950825505048,0.8375099118307254
7.0,6342.39799145082,0.8290716328693881
8.0,6290.837265164691,0.8223316686489791
9.0,6248.549039902584,0.816803796065697
10.0,6212.878830812504,0.8121410236356216
