year,pop_total_millions,yield_fraction_weighted
0.0,7650.0,1.0
1.0,7648.197056918377,0.9997643211658008
2.0,7646.748534732679,0.999574971860481
3.0,7645.572666912569,0.9994212636487019
4.0,7644.606973430879,0.9992950292066507
5.0,7643.803677998753,0.9991900232678108
6.0,7643.126221018411,0.9991014667997922
7.0,7642.546604722056,0.9990256999636674
8.0,7642.043370636372,0.9989599177302446
9.0,7641.600057786846,0.9989019683381499
10.0,7641.204026629247,0.9988501995593787
