year,pop_total_millions,yield_fraction_weighted
0.0,7156.720532756094,0.9355190238896853
1.0,6805.153849117754,0.8895625946559156
2.0,6526.58313526866,0.8531481222573412
3.0,6311.656980850536,0.8250532001111812
4.0,6147.80956616871,0.8036352374076746
5.0,6022.961191718544,0.7873151884599403
6.0,5926.982793392516,0.7747689926003289
7.0,5851.974761930455,0.7649640211673798
8.0,5792.034495608191,0.7571286922363649
9.0,5742.867790704942,0.7507016719875742
10.0,5701.403598660979,0.7452815161648338
