year,pop_total_millions,yield_fraction_weighted
0.0,7172.102764450672,0.9375297731308067
1.0,6827.634599445817,0.8925012548295186
2.0,6555.20032974832,0.8568889319932445
3.0,6345.349521413,0.8294574537794771
4.0,6185.601368134216,0.8085753422397667
5.0,6064.032431021969,0.7926839779113687
6.0,5970.680041690127,0.7804810512013239
7.0,5897.793644220789,0.7709534175452013
8.0,5839.593357950608,0.7633455369870076
9.0,5791.881257581915,0.7571086611218187
10.0,5751.659595594583,0.7518509275287036
