year,pop_total_millions,yield_fraction_weighted
0.0,7304.451620243043,0.9548302771559534
1.0,7281.534824856482,0.9518346176282984
2.0,7263.74171853296,0.9495087213768575
3.0,7249.765749394879,0.9476817973065201
4.0,7238.637556494916,0.9462271315679627
5.0,7229.638894759182,0.9450508359162331
6.0,7222.237829121774,0.9440833763557874
7.0,7216.04034254597,0.9432732473916303
8.0,7210.754389669417,0.9425822731594009
9.0,7206.163282336737,0.9419821284100309
10.0,7202.106022412893,0.9414517676356723
